Ticker,Yahoo Symbol,Next Ex-Dividend Date
ASX_DLY:AMC,AMC.AX,2025-05-21
BATS:CSV,CSV,2025-05-05
BATS:IBM,IBM,2025-05-09
LSE_DLY:BP.,BP.L,2025-05-15
LSE_DLY:WPP,WPP.L,2025-06-05
TSX_DLY:CPX,CPX.TO,2025-06-30
HKEX_DLY:1171,1171.HK,2025-06-05
HKEX_DLY:2380,2380.HK,2025-06-09
HKEX_DLY:6055,6055.HK,2025-06-24
HKEX_DLY:2388,2388.HK,2025-05-14
TSE_DLY:3186,3186.T,2025-11-27
TSE_DLY:9504,9504.T,2025-09-29
TSE_DLY:8613,8613.T,2025-09-29
TSE_DLY:8233,8233.T,2025-08-28
TSE_DLY:9506,9506.T,2025-09-29
TSE_DLY:2491,2491.T,2025-06-27
TSE_DLY:3891,3891.T,2025-09-29
TSE_DLY:9507,9507.T,2025-09-29
TSE_DLY:7744,7744.T,2025-06-27
TSE_DLY:3778,3778.T,2026-03-30
EURONEXT_DLY:UNA,UNA.AS,2025-05-15
EURONEXT_DLY:TWEKA,TWEKA.AS,2025-05-19
EURONEXT_DLY:EXO,EXO.AS,2025-05-26
VIE_DLY:CAI,CAI.VI,2025-05-09
VIE_DLY:VIG,VIG.VI,2025-05-26
VIE_DLY:OMV,OMV.VI,2025-06-04
XETR_DLY:DWNI,DWNI.DE,2025-05-27
XETR_DLY:BNR,BNR.DE,2025-05-23
XETR_DLY:BAS,BAS.DE,2025-05-05
XETR_DLY:FRE,FRE.DE,2025-05-26
XETR_DLY:HABA,HABA.DE,2025-06-27
XETR_DLY:RHM,RHM.DE,2025-05-14
